<?xml version="1.0" encoding="UTF-8"?>
<project-private xmlns="http://www.netbeans.org/ns/project-private/1">
    <editor-bookmarks xmlns="http://www.netbeans.org/ns/editor-bookmarks/2" lastBookmarkId="0"/>
    <open-files xmlns="http://www.netbeans.org/ns/projectui-open-files/2">
        <group>
            <file>file:/D:/Java/aula6/src/aula6/exercicio/FahrenheitException.java</file>
            <file>file:/D:/Java/aula6/src/aula6/exercicio/teste.txt</file>
            <file>file:/D:/Java/aula6/src/aula6/NegativeException.java</file>
            <file>file:/D:/Java/aula6/src/aula6/TesteErro.java</file>
            <file>file:/D:/Java/aula6/src/aula6/exercicio/ErrosCorrigido.java</file>
            <file>file:/D:/Java/aula6/src/aula6/aula5melhorado/Main.java</file>
            <file>file:/D:/Java/aula6/src/aula6/aula5melhorado/Quadrado.java</file>
            <file>file:/D:/Java/aula6/src/aula6/exercicio/TemperatureException.java</file>
            <file>file:/D:/Java/aula6/src/aula6/exercicio/TemperatureConverter.java</file>
            <file>file:/D:/Java/aula6/src/aula6/aula5melhorado/Triangulo.java</file>
            <file>file:/D:/Java/aula6/src/aula6/Pessoa.java</file>
            <file>file:/D:/Java/aula6/src/aula6/aula5melhorado/Poligono.java</file>
            <file>file:/D:/Java/aula6/src/aula6/Aula6.java</file>
            <file>file:/D:/Java/aula6/src/aula6/exercicio/Erros.java</file>
            <file>file:/D:/Java/aula6/src/aula6/exercicio/Questao2ii.java</file>
            <file>file:/D:/Java/aula6/src/aula6/exercicio/Questao2i.java</file>
        </group>
    </open-files>
</project-private>
